version_key,region_code,size_band,business_type_code,metric,p25,p50,p75
OFFICIAL_BENCH_V1,ALL,BAND_10_30M,KOREAN,COST_RATIO,0.8627,0.9104,0.954
OFFICIAL_BENCH_V1,ALL,BAND_10_30M,KOREAN,LABOR_RATIO,0.1107,0.1353,0.1661
OFFICIAL_BENCH_V1,ALL,BAND_10_30M,KOREAN,MATERIAL_RATIO,0.3332,0.3949,0.4689
OFFICIAL_BENCH_V1,ALL,BAND_10_30M,KOREAN,RENT_RATIO,0.0541,0.0812,0.1173
OFFICIAL_BENCH_V1,ALL,BAND_10_30M,KOREAN,PROFIT_RATIO,0.0522,0.0896,0.1305
OFFICIAL_BENCH_V1,ALL,BAND_10_30M,CHINESE,COST_RATIO,0.8641,0.9104,0.9567
OFFICIAL_BENCH_V1,ALL,BAND_10_30M,CHINESE,LABOR_RATIO,0.1095,0.1353,0.1675
OFFICIAL_BENCH_V1,ALL,BAND_10_30M,CHINESE,MATERIAL_RATIO,0.3351,0.3949,0.4667
OFFICIAL_BENCH_V1,ALL,BAND_10_30M,CHINESE,RENT_RATIO,0.0541,0.0812,0.1083
OFFICIAL_BENCH_V1,ALL,BAND_10_30M,CHINESE,PROFIT_RATIO,0.0545,0.0896,0.1247
OFFICIAL_BENCH_V1,ALL,BAND_10_30M,JAPANESE,COST_RATIO,0.8695,0.9104,0.9615
OFFICIAL_BENCH_V1,ALL,BAND_10_30M,JAPANESE,LABOR_RATIO,0.1118,0.1353,0.1647
OFFICIAL_BENCH_V1,ALL,BAND_10_30M,JAPANESE,MATERIAL_RATIO,0.3385,0.3949,0.4626
OFFICIAL_BENCH_V1,ALL,BAND_10_30M,JAPANESE,RENT_RATIO,0.0568,0.0812,0.1137
OFFICIAL_BENCH_V1,ALL,BAND_10_30M,JAPANESE,PROFIT_RATIO,0.0489,0.0896,0.1222
OFFICIAL_BENCH_V1,ALL,BAND_10_30M,WESTERN,COST_RATIO,0.8675,0.9104,0.9616
OFFICIAL_BENCH_V1,ALL,BAND_10_30M,WESTERN,LABOR_RATIO,0.1082,0.1353,0.1691
OFFICIAL_BENCH_V1,ALL,BAND_10_30M,WESTERN,MATERIAL_RATIO,0.3291,0.3949,0.4739
OFFICIAL_BENCH_V1,ALL,BAND_10_30M,WESTERN,RENT_RATIO,0.0568,0.0812,0.1137
OFFICIAL_BENCH_V1,ALL,BAND_10_30M,WESTERN,PROFIT_RATIO,0.0556,0.0896,0.1181
OFFICIAL_BENCH_V1,ALL,BAND_10_30M,ASIAN_OTHER,COST_RATIO,0.861,0.9104,0.9556
OFFICIAL_BENCH_V1,ALL,BAND_10_30M,ASIAN_OTHER,LABOR_RATIO,0.1082,0.1353,0.1691
OFFICIAL_BENCH_V1,ALL,BAND_10_30M,ASIAN_OTHER,MATERIAL_RATIO,0.3332,0.3949,0.4689
OFFICIAL_BENCH_V1,ALL,BAND_10_30M,ASIAN_OTHER,RENT_RATIO,0.0609,0.0812,0.1116
OFFICIAL_BENCH_V1,ALL,BAND_10_30M,ASIAN_OTHER,PROFIT_RATIO,0.0606,0.0896,0.1213
OFFICIAL_BENCH_V1,ALL,BAND_10_30M,CHICKEN,COST_RATIO,0.8565,0.9104,0.9622
OFFICIAL_BENCH_V1,ALL,BAND_10_30M,CHICKEN,LABOR_RATIO,0.1068,0.1353,0.1709
OFFICIAL_BENCH_V1,ALL,BAND_10_30M,CHICKEN,MATERIAL_RATIO,0.3268,0.3949,0.4766
OFFICIAL_BENCH_V1,ALL,BAND_10_30M,CHICKEN,RENT_RATIO,0.058,0.0812,0.116
OFFICIAL_BENCH_V1,ALL,BAND_10_30M,CHICKEN,PROFIT_RATIO,0.058,0.0896,0.1225
OFFICIAL_BENCH_V1,ALL,BAND_10_30M,PIZZA,COST_RATIO,0.8571,0.9104,0.9616
OFFICIAL_BENCH_V1,ALL,BAND_10_30M,PIZZA,LABOR_RATIO,0.1128,0.1353,0.1729
OFFICIAL_BENCH_V1,ALL,BAND_10_30M,PIZZA,MATERIAL_RATIO,0.3312,0.3949,0.4713
OFFICIAL_BENCH_V1,ALL,BAND_10_30M,PIZZA,RENT_RATIO,0.058,0.0812,0.116
OFFICIAL_BENCH_V1,ALL,BAND_10_30M,PIZZA,PROFIT_RATIO,0.0556,0.0896,0.125
OFFICIAL_BENCH_V1,ALL,BAND_10_30M,FASTFOOD,COST_RATIO,0.8571,0.9104,0.9616
OFFICIAL_BENCH_V1,ALL,BAND_10_30M,FASTFOOD,LABOR_RATIO,0.1052,0.1353,0.1654
OFFICIAL_BENCH_V1,ALL,BAND_10_30M,FASTFOOD,MATERIAL_RATIO,0.3291,0.3949,0.4739
OFFICIAL_BENCH_V1,ALL,BAND_10_30M,FASTFOOD,RENT_RATIO,0.0609,0.0812,0.1116
OFFICIAL_BENCH_V1,ALL,BAND_10_30M,FASTFOOD,PROFIT_RATIO,0.0556,0.0896,0.125
OFFICIAL_BENCH_V1,ALL,BAND_10_30M,SNACK,COST_RATIO,0.8565,0.9104,0.9622
OFFICIAL_BENCH_V1,ALL,BAND_10_30M,SNACK,LABOR_RATIO,0.1082,0.1353,0.1691
OFFICIAL_BENCH_V1,ALL,BAND_10_30M,SNACK,MATERIAL_RATIO,0.3385,0.3949,0.4626
OFFICIAL_BENCH_V1,ALL,BAND_10_30M,SNACK,RENT_RATIO,0.0541,0.0812,0.1083
OFFICIAL_BENCH_V1,ALL,BAND_10_30M,SNACK,PROFIT_RATIO,0.058,0.0896,0.1225
OFFICIAL_BENCH_V1,ALL,BAND_10_30M,CAFE,COST_RATIO,0.8636,0.9104,0.9572
OFFICIAL_BENCH_V1,ALL,BAND_10_30M,CAFE,LABOR_RATIO,0.1102,0.1353,0.1654
OFFICIAL_BENCH_V1,ALL,BAND_10_30M,CAFE,MATERIAL_RATIO,0.3218,0.3949,0.4827
OFFICIAL_BENCH_V1,ALL,BAND_10_30M,CAFE,RENT_RATIO,0.0562,0.0812,0.1124
OFFICIAL_BENCH_V1,ALL,BAND_10_30M,CAFE,PROFIT_RATIO,0.0573,0.0896,0.1219
OFFICIAL_BENCH_V1,ALL,BAND_10_30M,DESSERT,COST_RATIO,0.8608,0.9104,0.962
OFFICIAL_BENCH_V1,ALL,BAND_10_30M,DESSERT,LABOR_RATIO,0.1111,0.1353,0.1643
OFFICIAL_BENCH_V1,ALL,BAND_10_30M,DESSERT,MATERIAL_RATIO,0.3268,0.3949,0.4766
OFFICIAL_BENCH_V1,ALL,BAND_10_30M,DESSERT,RENT_RATIO,0.0541,0.0812,0.115
OFFICIAL_BENCH_V1,ALL,BAND_10_30M,DESSERT,PROFIT_RATIO,0.0444,0.0896,0.1331
OFFICIAL_BENCH_V1,ALL,BAND_10_30M,BAKERY,COST_RATIO,0.8608,0.9104,0.962
OFFICIAL_BENCH_V1,ALL,BAND_10_30M,BAKERY,LABOR_RATIO,0.1082,0.1353,0.1678
OFFICIAL_BENCH_V1,ALL,BAND_10_30M,BAKERY,MATERIAL_RATIO,0.3351,0.3949,0.4667
OFFICIAL_BENCH_V1,ALL,BAND_10_30M,BAKERY,RENT_RATIO,0.0517,0.0812,0.1107
OFFICIAL_BENCH_V1,ALL,BAND_10_30M,BAKERY,PROFIT_RATIO,0.0444,0.0896,0.1331
OFFICIAL_BENCH_V1,ALL,BAND_10_30M,PUB,COST_RATIO,0.8456,0.9104,0.9865
OFFICIAL_BENCH_V1,ALL,BAND_10_30M,PUB,LABOR_RATIO,0.1082,0.1353,0.1714
OFFICIAL_BENCH_V1,ALL,BAND_10_30M,PUB,MATERIAL_RATIO,0.2962,0.3949,0.5134
OFFICIAL_BENCH_V1,ALL,BAND_10_30M,PUB,RENT_RATIO,0.0541,0.0812,0.1083
OFFICIAL_BENCH_V1,ALL,BAND_10_30M,PUB,PROFIT_RATIO,0.0759,0.0896,0.1012
OFFICIAL_BENCH_V1,ALL,BAND_10_30M,FOOD_MEAL,COST_RATIO,0.8627,0.9104,0.954
OFFICIAL_BENCH_V1,ALL,BAND_10_30M,FOOD_MEAL,LABOR_RATIO,0.1107,0.1353,0.1661
OFFICIAL_BENCH_V1,ALL,BAND_10_30M,FOOD_MEAL,MATERIAL_RATIO,0.3332,0.3949,0.4689
OFFICIAL_BENCH_V1,ALL,BAND_10_30M,FOOD_MEAL,RENT_RATIO,0.0568,0.0812,0.1137
OFFICIAL_BENCH_V1,ALL,BAND_10_30M,FOOD_MEAL,PROFIT_RATIO,0.0522,0.0896,0.1305
OFFICIAL_BENCH_V1,ALL,BAND_10_30M,QSR,COST_RATIO,0.8565,0.9104,0.9622
OFFICIAL_BENCH_V1,ALL,BAND_10_30M,QSR,LABOR_RATIO,0.1128,0.1353,0.1729
OFFICIAL_BENCH_V1,ALL,BAND_10_30M,QSR,MATERIAL_RATIO,0.3291,0.3949,0.4739
OFFICIAL_BENCH_V1,ALL,BAND_10_30M,QSR,RENT_RATIO,0.058,0.0812,0.116
OFFICIAL_BENCH_V1,ALL,BAND_10_30M,QSR,PROFIT_RATIO,0.058,0.0896,0.1225
OFFICIAL_BENCH_V1,ALL,BAND_10_30M,CAFE_DESSERT,COST_RATIO,0.8627,0.9104,0.9642
OFFICIAL_BENCH_V1,ALL,BAND_10_30M,CAFE_DESSERT,LABOR_RATIO,0.1102,0.1353,0.1654
OFFICIAL_BENCH_V1,ALL,BAND_10_30M,CAFE_DESSERT,MATERIAL_RATIO,0.3244,0.3949,0.4795
OFFICIAL_BENCH_V1,ALL,BAND_10_30M,CAFE_DESSERT,RENT_RATIO,0.0541,0.0812,0.115
OFFICIAL_BENCH_V1,ALL,BAND_10_30M,CAFE_DESSERT,PROFIT_RATIO,0.0435,0.0896,0.1305
OFFICIAL_BENCH_V1,ALL,BAND_10_30M,DRINKING_FOOD,COST_RATIO,0.8454,0.9104,0.9754
OFFICIAL_BENCH_V1,ALL,BAND_10_30M,DRINKING_FOOD,LABOR_RATIO,0.1099,0.1353,0.1691
OFFICIAL_BENCH_V1,ALL,BAND_10_30M,DRINKING_FOOD,MATERIAL_RATIO,0.3091,0.3949,0.4979
OFFICIAL_BENCH_V1,ALL,BAND_10_30M,DRINKING_FOOD,RENT_RATIO,0.0541,0.0812,0.1083
OFFICIAL_BENCH_V1,ALL,BAND_10_30M,DRINKING_FOOD,PROFIT_RATIO,0.0747,0.0896,0.1045
OFFICIAL_BENCH_V1,ALL,BAND_10_30M,FOOD_ALL,COST_RATIO,0.8636,0.9104,0.9572
OFFICIAL_BENCH_V1,ALL,BAND_10_30M,FOOD_ALL,LABOR_RATIO,0.1095,0.1353,0.1675
OFFICIAL_BENCH_V1,ALL,BAND_10_30M,FOOD_ALL,MATERIAL_RATIO,0.3312,0.3949,0.4713
OFFICIAL_BENCH_V1,ALL,BAND_10_30M,FOOD_ALL,RENT_RATIO,0.0568,0.0812,0.1137
OFFICIAL_BENCH_V1,ALL,BAND_10_30M,FOOD_ALL,PROFIT_RATIO,0.0573,0.0896,0.1219
OFFICIAL_BENCH_V1,ALL,BAND_0_10M,ASIAN_OTHER,PROFIT_RATIO,0.0541,0.08,0.1083
OFFICIAL_BENCH_V1,ALL,BAND_0_10M,BAKERY,PROFIT_RATIO,0.0396,0.08,0.1188
OFFICIAL_BENCH_V1,ALL,BAND_0_10M,CAFE,PROFIT_RATIO,0.0512,0.08,0.1088
OFFICIAL_BENCH_V1,ALL,BAND_0_10M,CAFE_DESSERT,PROFIT_RATIO,0.0388,0.08,0.1165
OFFICIAL_BENCH_V1,ALL,BAND_0_10M,CHICKEN,PROFIT_RATIO,0.0518,0.08,0.1094
OFFICIAL_BENCH_V1,ALL,BAND_0_10M,CHINESE,PROFIT_RATIO,0.0487,0.08,0.1113
OFFICIAL_BENCH_V1,ALL,BAND_0_10M,DESSERT,PROFIT_RATIO,0.0396,0.08,0.1188
OFFICIAL_BENCH_V1,ALL,BAND_0_10M,DRINKING_FOOD,PROFIT_RATIO,0.0667,0.08,0.0933
OFFICIAL_BENCH_V1,ALL,BAND_0_10M,FASTFOOD,PROFIT_RATIO,0.0496,0.08,0.1116
OFFICIAL_BENCH_V1,ALL,BAND_0_10M,FOOD_ALL,PROFIT_RATIO,0.0512,0.08,0.1088
OFFICIAL_BENCH_V1,ALL,BAND_0_10M,FOOD_MEAL,PROFIT_RATIO,0.0466,0.08,0.1165
OFFICIAL_BENCH_V1,ALL,BAND_0_10M,JAPANESE,PROFIT_RATIO,0.0437,0.08,0.1091
OFFICIAL_BENCH_V1,ALL,BAND_0_10M,KOREAN,PROFIT_RATIO,0.0466,0.08,0.1165
OFFICIAL_BENCH_V1,ALL,BAND_0_10M,PIZZA,PROFIT_RATIO,0.0496,0.08,0.1116
OFFICIAL_BENCH_V1,ALL,BAND_0_10M,PUB,PROFIT_RATIO,0.0678,0.08,0.0904
OFFICIAL_BENCH_V1,ALL,BAND_0_10M,QSR,PROFIT_RATIO,0.0518,0.08,0.1094
OFFICIAL_BENCH_V1,ALL,BAND_0_10M,SNACK,PROFIT_RATIO,0.0518,0.08,0.1094
OFFICIAL_BENCH_V1,ALL,BAND_0_10M,WESTERN,PROFIT_RATIO,0.0496,0.08,0.1054
OFFICIAL_BENCH_V1,ALL,BAND_0_10M,ASIAN_OTHER,COST_RATIO,0.8701,0.92,0.9657
OFFICIAL_BENCH_V1,ALL,BAND_0_10M,BAKERY,COST_RATIO,0.8699,0.92,0.9721
OFFICIAL_BENCH_V1,ALL,BAND_0_10M,CAFE,COST_RATIO,0.8727,0.92,0.9673
OFFICIAL_BENCH_V1,ALL,BAND_0_10M,CAFE_DESSERT,COST_RATIO,0.8718,0.92,0.9744
OFFICIAL_BENCH_V1,ALL,BAND_0_10M,CHICKEN,COST_RATIO,0.8655,0.92,0.9723
OFFICIAL_BENCH_V1,ALL,BAND_0_10M,CHINESE,COST_RATIO,0.8732,0.92,0.9668
OFFICIAL_BENCH_V1,ALL,BAND_0_10M,DESSERT,COST_RATIO,0.8699,0.92,0.9721
OFFICIAL_BENCH_V1,ALL,BAND_0_10M,DRINKING_FOOD,COST_RATIO,0.8543,0.92,0.9857
OFFICIAL_BENCH_V1,ALL,BAND_0_10M,FASTFOOD,COST_RATIO,0.8661,0.92,0.9717
OFFICIAL_BENCH_V1,ALL,BAND_0_10M,FOOD_ALL,COST_RATIO,0.8727,0.92,0.9673
OFFICIAL_BENCH_V1,ALL,BAND_0_10M,FOOD_MEAL,COST_RATIO,0.8718,0.92,0.9641
OFFICIAL_BENCH_V1,ALL,BAND_0_10M,JAPANESE,COST_RATIO,0.8787,0.92,0.9716
OFFICIAL_BENCH_V1,ALL,BAND_0_10M,KOREAN,COST_RATIO,0.8718,0.92,0.9641
OFFICIAL_BENCH_V1,ALL,BAND_0_10M,PIZZA,COST_RATIO,0.8661,0.92,0.9717
OFFICIAL_BENCH_V1,ALL,BAND_0_10M,PUB,COST_RATIO,0.8545,0.92,0.9969
OFFICIAL_BENCH_V1,ALL,BAND_0_10M,QSR,COST_RATIO,0.8655,0.92,0.9723
OFFICIAL_BENCH_V1,ALL,BAND_0_10M,SNACK,COST_RATIO,0.8655,0.92,0.9723
OFFICIAL_BENCH_V1,ALL,BAND_0_10M,WESTERN,COST_RATIO,0.8766,0.92,0.9717
OFFICIAL_BENCH_V1,ALL,BAND_50_100M,ASIAN_OTHER,PROFIT_RATIO,0.0568,0.084,0.1137
OFFICIAL_BENCH_V1,ALL,BAND_50_100M,BAKERY,PROFIT_RATIO,0.0416,0.084,0.1248
OFFICIAL_BENCH_V1,ALL,BAND_50_100M,CAFE,PROFIT_RATIO,0.0537,0.084,0.1143
OFFICIAL_BENCH_V1,ALL,BAND_50_100M,CAFE_DESSERT,PROFIT_RATIO,0.0408,0.084,0.1223
OFFICIAL_BENCH_V1,ALL,BAND_50_100M,CHICKEN,PROFIT_RATIO,0.0544,0.084,0.1148
OFFICIAL_BENCH_V1,ALL,BAND_50_100M,CHINESE,PROFIT_RATIO,0.0511,0.084,0.1169
OFFICIAL_BENCH_V1,ALL,BAND_50_100M,DESSERT,PROFIT_RATIO,0.0416,0.084,0.1248
OFFICIAL_BENCH_V1,ALL,BAND_50_100M,DRINKING_FOOD,PROFIT_RATIO,0.07,0.084,0.098
OFFICIAL_BENCH_V1,ALL,BAND_50_100M,FASTFOOD,PROFIT_RATIO,0.0521,0.084,0.1172
OFFICIAL_BENCH_V1,ALL,BAND_50_100M,FOOD_ALL,PROFIT_RATIO,0.0537,0.084,0.1143
OFFICIAL_BENCH_V1,ALL,BAND_50_100M,FOOD_MEAL,PROFIT_RATIO,0.0489,0.084,0.1223
OFFICIAL_BENCH_V1,ALL,BAND_50_100M,JAPANESE,PROFIT_RATIO,0.0458,0.084,0.1146
OFFICIAL_BENCH_V1,ALL,BAND_50_100M,KOREAN,PROFIT_RATIO,0.0489,0.084,0.1223
OFFICIAL_BENCH_V1,ALL,BAND_50_100M,PIZZA,PROFIT_RATIO,0.0521,0.084,0.1172
OFFICIAL_BENCH_V1,ALL,BAND_50_100M,PUB,PROFIT_RATIO,0.0712,0.084,0.0949
OFFICIAL_BENCH_V1,ALL,BAND_50_100M,QSR,PROFIT_RATIO,0.0544,0.084,0.1148
OFFICIAL_BENCH_V1,ALL,BAND_50_100M,SNACK,PROFIT_RATIO,0.0544,0.084,0.1148
OFFICIAL_BENCH_V1,ALL,BAND_50_100M,WESTERN,PROFIT_RATIO,0.0521,0.084,0.1107
OFFICIAL_BENCH_V1,ALL,BAND_50_100M,ASIAN_OTHER,COST_RATIO,0.8663,0.916,0.9615
OFFICIAL_BENCH_V1,ALL,BAND_50_100M,BAKERY,COST_RATIO,0.8661,0.916,0.9679
OFFICIAL_BENCH_V1,ALL,BAND_50_100M,CAFE,COST_RATIO,0.8689,0.916,0.9631
OFFICIAL_BENCH_V1,ALL,BAND_50_100M,CAFE_DESSERT,COST_RATIO,0.868,0.916,0.9701
OFFICIAL_BENCH_V1,ALL,BAND_50_100M,CHICKEN,COST_RATIO,0.8618,0.916,0.9681
OFFICIAL_BENCH_V1,ALL,BAND_50_100M,CHINESE,COST_RATIO,0.8694,0.916,0.9626
OFFICIAL_BENCH_V1,ALL,BAND_50_100M,DESSERT,COST_RATIO,0.8661,0.916,0.9679
OFFICIAL_BENCH_V1,ALL,BAND_50_100M,DRINKING_FOOD,COST_RATIO,0.8506,0.916,0.9814
OFFICIAL_BENCH_V1,ALL,BAND_50_100M,FASTFOOD,COST_RATIO,0.8624,0.916,0.9675
OFFICIAL_BENCH_V1,ALL,BAND_50_100M,FOOD_ALL,COST_RATIO,0.8689,0.916,0.9631
OFFICIAL_BENCH_V1,ALL,BAND_50_100M,FOOD_MEAL,COST_RATIO,0.868,0.916,0.9599
OFFICIAL_BENCH_V1,ALL,BAND_50_100M,JAPANESE,COST_RATIO,0.8748,0.916,0.9674
OFFICIAL_BENCH_V1,ALL,BAND_50_100M,KOREAN,COST_RATIO,0.868,0.916,0.9599
OFFICIAL_BENCH_V1,ALL,BAND_50_100M,PIZZA,COST_RATIO,0.8624,0.916,0.9675
OFFICIAL_BENCH_V1,ALL,BAND_50_100M,PUB,COST_RATIO,0.8508,0.916,0.9926
OFFICIAL_BENCH_V1,ALL,BAND_50_100M,QSR,COST_RATIO,0.8618,0.916,0.9681
OFFICIAL_BENCH_V1,ALL,BAND_50_100M,SNACK,COST_RATIO,0.8618,0.916,0.9681
OFFICIAL_BENCH_V1,ALL,BAND_50_100M,WESTERN,COST_RATIO,0.8728,0.916,0.9675
OFFICIAL_BENCH_V1,ALL,BAND_100M_PLUS,ASIAN_OTHER,PROFIT_RATIO,0.0568,0.084,0.1137
OFFICIAL_BENCH_V1,ALL,BAND_100M_PLUS,BAKERY,PROFIT_RATIO,0.0416,0.084,0.1248
OFFICIAL_BENCH_V1,ALL,BAND_100M_PLUS,CAFE,PROFIT_RATIO,0.0537,0.084,0.1143
OFFICIAL_BENCH_V1,ALL,BAND_100M_PLUS,CAFE_DESSERT,PROFIT_RATIO,0.0408,0.084,0.1223
OFFICIAL_BENCH_V1,ALL,BAND_100M_PLUS,CHICKEN,PROFIT_RATIO,0.0544,0.084,0.1148
OFFICIAL_BENCH_V1,ALL,BAND_100M_PLUS,CHINESE,PROFIT_RATIO,0.0511,0.084,0.1169
OFFICIAL_BENCH_V1,ALL,BAND_100M_PLUS,DESSERT,PROFIT_RATIO,0.0416,0.084,0.1248
OFFICIAL_BENCH_V1,ALL,BAND_100M_PLUS,DRINKING_FOOD,PROFIT_RATIO,0.07,0.084,0.098
OFFICIAL_BENCH_V1,ALL,BAND_100M_PLUS,FASTFOOD,PROFIT_RATIO,0.0521,0.084,0.1172
OFFICIAL_BENCH_V1,ALL,BAND_100M_PLUS,FOOD_ALL,PROFIT_RATIO,0.0537,0.084,0.1143
OFFICIAL_BENCH_V1,ALL,BAND_100M_PLUS,FOOD_MEAL,PROFIT_RATIO,0.0489,0.084,0.1223
OFFICIAL_BENCH_V1,ALL,BAND_100M_PLUS,JAPANESE,PROFIT_RATIO,0.0458,0.084,0.1146
OFFICIAL_BENCH_V1,ALL,BAND_100M_PLUS,KOREAN,PROFIT_RATIO,0.0489,0.084,0.1223
OFFICIAL_BENCH_V1,ALL,BAND_100M_PLUS,PIZZA,PROFIT_RATIO,0.0521,0.084,0.1172
OFFICIAL_BENCH_V1,ALL,BAND_100M_PLUS,PUB,PROFIT_RATIO,0.0712,0.084,0.0949
OFFICIAL_BENCH_V1,ALL,BAND_100M_PLUS,QSR,PROFIT_RATIO,0.0544,0.084,0.1148
OFFICIAL_BENCH_V1,ALL,BAND_100M_PLUS,SNACK,PROFIT_RATIO,0.0544,0.084,0.1148
OFFICIAL_BENCH_V1,ALL,BAND_100M_PLUS,WESTERN,PROFIT_RATIO,0.0521,0.084,0.1107
OFFICIAL_BENCH_V1,ALL,BAND_100M_PLUS,ASIAN_OTHER,COST_RATIO,0.8663,0.916,0.9615
OFFICIAL_BENCH_V1,ALL,BAND_100M_PLUS,BAKERY,COST_RATIO,0.8661,0.916,0.9679
OFFICIAL_BENCH_V1,ALL,BAND_100M_PLUS,CAFE,COST_RATIO,0.8689,0.916,0.9631
OFFICIAL_BENCH_V1,ALL,BAND_100M_PLUS,CAFE_DESSERT,COST_RATIO,0.868,0.916,0.9701
OFFICIAL_BENCH_V1,ALL,BAND_100M_PLUS,CHICKEN,COST_RATIO,0.8618,0.916,0.9681
OFFICIAL_BENCH_V1,ALL,BAND_100M_PLUS,CHINESE,COST_RATIO,0.8694,0.916,0.9626
OFFICIAL_BENCH_V1,ALL,BAND_100M_PLUS,DESSERT,COST_RATIO,0.8661,0.916,0.9679
OFFICIAL_BENCH_V1,ALL,BAND_100M_PLUS,DRINKING_FOOD,COST_RATIO,0.8506,0.916,0.9814
OFFICIAL_BENCH_V1,ALL,BAND_100M_PLUS,FASTFOOD,COST_RATIO,0.8624,0.916,0.9675
OFFICIAL_BENCH_V1,ALL,BAND_100M_PLUS,FOOD_ALL,COST_RATIO,0.8689,0.916,0.9631
OFFICIAL_BENCH_V1,ALL,BAND_100M_PLUS,FOOD_MEAL,COST_RATIO,0.868,0.916,0.9599
OFFICIAL_BENCH_V1,ALL,BAND_100M_PLUS,JAPANESE,COST_RATIO,0.8748,0.916,0.9674
OFFICIAL_BENCH_V1,ALL,BAND_100M_PLUS,KOREAN,COST_RATIO,0.868,0.916,0.9599
OFFICIAL_BENCH_V1,ALL,BAND_100M_PLUS,PIZZA,COST_RATIO,0.8624,0.916,0.9675
OFFICIAL_BENCH_V1,ALL,BAND_100M_PLUS,PUB,COST_RATIO,0.8508,0.916,0.9926
OFFICIAL_BENCH_V1,ALL,BAND_100M_PLUS,QSR,COST_RATIO,0.8618,0.916,0.9681
OFFICIAL_BENCH_V1,ALL,BAND_100M_PLUS,SNACK,COST_RATIO,0.8618,0.916,0.9681
OFFICIAL_BENCH_V1,ALL,BAND_100M_PLUS,WESTERN,COST_RATIO,0.8728,0.916,0.9675
